epoch,timestamp,learning_rate,epoch_time,train_time,inference_time,avg_train_loss,avg_accuracy,avg_f1_score,avg_dice,avg_iou,avg_mae,avg_mae_std
1,2026-05-08T20:50:14.120103,2e-05,1226.6315321922302,989.058429479599,237.55756044387817,2.6704329763280334,0.6276406296396697,0.587258626072057,0.7792133061246277,0.5430243213971456,6.742478753445593,0.6728079419264045
2,2026-05-08T21:10:42.518917,1.999267584428687e-05,1226.2045073509216,987.428872346878,238.7675220966339,1.4403065736767173,0.7232560042406257,0.7001177404734094,0.815703674628674,0.6500623027483622,5.898708643092998,0.5908360313923561
3,2026-05-08T21:31:07.956268,1.9970714670464718e-05,1223.009774684906,984.3322517871857,238.6695008277893,1.1064232336855762,0.7314435517074762,0.7040527209905779,0.844327576518969,0.685110847155253,5.701136741662634,0.5354192705268289
4,2026-05-08T21:51:32.438011,1.9934150341071802e-05,1222.0567517280579,985.9931573867798,236.05535769462585,0.421124339880932,0.7672422694260141,0.7462072907442405,0.860879279577405,0.6723061601320902,5.544271494638707,0.5433250215137727
5,2026-05-08T22:11:57.201356,1.9883039235653808e-05,1222.3145201206207,984.6431889533997,237.66338777542114,0.3141065177305582,0.7873052803505236,0.7651299908891357,0.8652108422593884,0.7008668780326843,5.371555499749436,0.48013334190355234
6,2026-05-08T22:32:20.235303,1.981746016383069e-05,1220.5549266338348,984.4080486297607,236.13849186897278,0.20113354899509941,0.7877865019062686,0.7675290513047333,0.8660984894037796,0.7079141537348429,5.584462702162672,0.4837632151254456
7,2026-05-08T22:52:43.372666,1.9737514243777926e-05,1220.6796486377716,984.0354156494141,236.63596940040588,0.1383765704161997,0.7908829169020991,0.7697660440313244,0.8756092286235578,0.7238965233167013,5.776842758178894,0.4086071303736884
8,2026-05-08T23:13:08.013914,1.964332474630965e-05,1222.2105066776276,984.2226507663727,237.97965049743652,0.0719172812691739,0.8019924371538345,0.7787995889418098,0.8761844472646536,0.7306949098904928,5.267436814820475,0.47896859716363904
9,2026-05-08T23:33:32.208314,1.953503690480396e-05,1221.7392010688782,984.7745499610901,236.95663213729858,0.019032928829218646,0.8182506888955028,0.79922716565541,0.8791368772793967,0.7260848879814148,5.198360609545643,0.4950851778292174
10,2026-05-08T23:53:57.270545,1.94128176912636e-05,1222.5847713947296,984.916629076004,237.6599235534668,-0.0346004177763837,0.8278940107289723,0.8103417657263978,0.8846112410913718,0.7279062072436014,5.170741691423061,0.5256583230014465
11,2026-05-09T00:14:22.580692,1.9276855558857223e-05,1222.7942333221436,985.6880838871002,237.09799766540527,-0.0717810845295744,0.8162130264165934,0.7991694257636882,0.8795294078007196,0.7404367526372274,5.1564819280062695,0.43304120165892934
12,2026-05-09T00:34:43.109638,1.9127360151338272e-05,1220.4818322658539,984.671489238739,235.80234265327454,-0.11162424529235772,0.8249440948891925,0.8065630965403735,0.8864704517320877,0.7398233612378439,5.053708288564383,0.41325296598319844
13,2026-05-09T00:55:07.277947,1.8964561979789493e-05,1221.7074439525604,984.8207380771637,236.87861704826355,-0.14009149917983435,0.8079025892912681,0.7903877054507878,0.8860309287091129,0.7384085853894552,5.049919453587919,0.441487556367699
14,2026-05-09T01:15:29.033798,1.8788712067191574e-05,1221.7084784507751,984.5122692584991,237.18825030326843,-0.16643737494125743,0.8284376251428944,0.811374349172353,0.8894782497653511,0.7427075703938802,4.98780086354474,0.40908891825932203
15,2026-05-09T01:35:54.135266,1.8600081561363876e-05,1222.5945358276367,984.6950595378876,237.89145970344543,-0.18860301471888866,0.8047377641380736,0.7873137629732373,0.8914086845106964,0.7490830222765604,4.94249214669258,0.38178994095842406
16,2026-05-09T01:56:14.889393,1.839896131687418e-05,1220.7068738937378,983.8718085289001,236.82712292671204,-0.21592620034858337,0.82756741380466,0.8102757901073053,0.8938217217011869,0.7461750507354736,4.905879407234689,0.36445486532766364
17,2026-05-09T02:16:40.166112,1.8185661446562e-05,1222.8095331192017,985.3977837562561,237.4034206867218,-0.2486891271903024,0.8289442435267032,0.8121539375730701,0.8929067927418379,0.755322257677714,4.902661235328895,0.39872988818659216
18,2026-05-09T02:37:05.939264,1.7960510843367076e-05,1223.27099442482,985.2549097537994,238.0078468322754,-0.25319697072418207,0.8400509791282693,0.8234728510947538,0.8927956006018577,0.7471416592597961,4.872092638923077,0.4102865999927016
19,2026-05-09T02:57:30.759338,1.7723856673200297e-05,1222.3354272842407,985.4501719474792,236.87720727920532,-0.2852176125245147,0.8091418674140516,0.7922651699536003,0.894488707806334,0.7524731357892355,4.85692006161946,0.4125687903370295
20,2026-05-09T03:17:53.798387,1.7476063839639016e-05,1222.9829587936401,986.0719766616821,236.90288281440735,-0.2986227298014285,0.8389802200955243,0.8222369904833454,0.8942704315933802,0.7563735445340475,4.843528977266127,0.39124838135866896
21,2026-05-09T03:38:18.137178,1.7217514421272203e-05,1221.8737409114838,984.4720747470856,237.39351606369019,-0.3208842729547597,0.8246621917294329,0.8070760895057237,0.8924649738988851,0.7503693898518881,4.904692704580024,0.4163533818386582
22,2026-05-09T03:58:40.107565,1.694860708256295e-05,1221.9110114574432,985.2992596626282,236.6036195755005,-0.34132098341748246,0.8396370595710757,0.8223454406726601,0.8960229578353772,0.7619083325068156,4.869080126390897,0.3573925145528734
23,2026-05-09T04:19:06.308301,1.6669756459136747e-05,1223.6731476783752,986.3922984600067,237.27287125587463,-0.35765441558398964,0.8304831300683282,0.8126619238840869,0.8963424092567741,0.761247992515564,4.668149864464865,0.3690694071103369
24,2026-05-09T04:39:28.467807,1.6381392518443422e-05,1222.1032474040985,984.8303422927856,237.26483988761902,-0.36790785046803226,0.8313383931950858,0.8156418993636904,0.8987130640344504,0.7513980070749918,4.816673188020021,0.389600223811847
25,2026-05-09T04:59:50.459275,1.6083959896778493e-05,1221.9372384548187,984.726802110672,237.20233368873596,-0.38551480390183845,0.8158744922495551,0.7984749045000402,0.8920378234271394,0.7560508052508036,4.641041443733087,0.37235885299755545
26,2026-05-09T05:20:12.363703,1.577791721368622e-05,1221.8406162261963,985.2333116531372,236.5993583202362,-0.4097781130007341,0.8240946783623897,0.808801199245456,0.8977816574472731,0.7591993610064188,4.763067629722538,0.37532691640195376
27,2026-05-09T05:40:34.057598,1.5463736364801513e-05,1221.6360862255096,985.8037025928497,235.82416462898254,-0.4033452228968945,0.8287104990683871,0.812098175497245,0.898682754654852,0.751121997833252,4.792001611922967,0.37127947484839535
28,2026-05-09T06:00:56.941786,1.5141901794221072e-05,1222.8266842365265,985.4201054573059,237.3980996608734,-0.4265903109627144,0.8371091641921488,0.8215319859712596,0.8990938232661301,0.7641307711601257,4.771958525374028,0.42105206786540705
29,2026-05-09T06:21:20.953053,1.4812909747525693e-05,1221.5206723213196,984.9769155979156,236.53559374809265,-0.44580357312078606,0.8268964561615726,0.8103097365625925,0.8985396507579365,0.7572358250617981,4.822506393930318,0.35262048395373286
30,2026-05-09T06:41:44.335032,1.4477267506605567e-05,1223.320202589035,985.8782384395599,237.43371844291687,-0.4669560641143107,0.8300737307241051,0.8137208537326688,0.8977115990550567,0.7559671401977539,4.783524598108727,0.4112351136744358
31,2026-05-09T07:02:07.080639,1.4135492607468352e-05,1222.6844086647034,984.951592206955,237.72495579719543,-0.4757184083613739,0.8243507269138634,0.8079528537841127,0.8995078516418406,0.7640465895334879,4.632420570423608,0.3799219495493946
32,2026-05-09T07:22:29.424783,1.3788112042236182e-05,1222.2768983840942,985.394113779068,236.87460207939148,-0.484025949346944,0.8259365287861751,0.8101318131282707,0.8997391413827963,0.7622817754745483,4.713396229816535,0.417081626683592
33,2026-05-09T07:42:52.617400,1.3435661446562e-05,1223.1235880851746,985.3675422668457,237.7479965686798,-0.4994823634628138,0.8266533158171676,0.8102682926919453,0.8968827915552021,0.7536439498265585,4.7163277788226425,0.4162259373527662
34,2026-05-09T08:03:14.572398,1.3078684273718204e-05,1221.8889105319977,984.7666783332825,237.11434412002563,-0.49719136373556333,0.8502489478975521,0.8342742501119409,0.8986917316254912,0.762127161026001,4.7489620649129165,0.4420515831905292
35,2026-05-09T08:23:41.448834,1.2717730956631102e-05,1224.3399374485016,985.434362411499,238.89720177650452,-0.5208458518627426,0.8390141787546609,0.824428649748747,0.9017472055522623,0.7622478604316711,4.663244670813536,0.3966565580533614
36,2026-05-09T08:44:03.535182,1.235335805915322e-05,1222.0183396339417,985.19078540802,236.81974148750305,-0.5291996416845257,0.8300877305222379,0.8142734629362897,0.901797777058519,0.761854887008667,4.657815503498653,0.37656389002720997
37,2026-05-09T09:04:26.091031,1.1986127417882194e-05,1222.4850690364838,985.1479830741882,237.3290364742279,-0.5395668454695243,0.8351472732895656,0.8203995171020984,0.9020006083586803,0.7661701440811157,4.663123012959417,0.4009866314480792
38,2026-05-09T09:24:48.991951,1.161660527584946e-05,1222.8265464305878,985.36159491539,237.45717310905457,-0.5469600099954319,0.8296377365949419,0.8121612612747646,0.8989022957264133,0.76235431432724,4.634207013146705,0.3946877679951391
39,2026-05-09T09:45:10.133013,1.1245361409414528e-05,1221.0596568584442,985.6676330566406,235.38354873657227,-0.5534765584223095,0.8472981546665699,0.8317364632759021,0.9019831524295129,0.7613195975621542,4.588620347502144,0.40694022459589557
40,2026-05-09T10:05:34.759473,1.0872968249711152e-05,1222.0774817466736,985.8983252048492,236.1711781024933,-0.5566691713204752,0.8295419211258359,0.8136064497709088,0.9019928276480185,0.7682108283042908,4.582353292882413,0.38132376517882444
41,2026-05-09T10:25:56.926018,1.05e-05,1222.086126089096,985.1611580848694,236.91686391830444,-0.5719269506739214,0.8299586833429596,0.8141528279309966,0.9012013689068237,0.7644951939582825,4.598627992058633,0.3960196616613259
42,2026-05-09T10:46:18.766268,1.012703175028885e-05,1221.766527414322,985.8430714607239,235.9154896736145,-0.5804803646278331,0.8485583526937635,0.8334391455736999,0.8998978265058403,0.7684186895688375,4.5626890409840275,0.39457478135476726
43,2026-05-09T11:06:42.738043,9.754638590585474e-06,1221.404149055481,985.3200204372406,236.07605242729187,-0.5922970325416553,0.8424547290639879,0.827231424865811,0.9013817586730352,0.764317532380422,4.5974601979261385,0.41019599500382126
44,2026-05-09T11:27:04.906255,9.383394724150545e-06,1222.0654537677765,985.3773913383484,236.68002581596375,-0.5955629582555483,0.8356227879565784,0.8204835806572025,0.902844841407816,0.7662000060081482,4.554752895539566,0.3873041990398876
45,2026-05-09T11:47:27.372294,9.01387258211781e-06,1222.3870265483856,984.9568455219269,237.42215776443481,-0.5945860110018939,0.8460892895214359,0.8317709077707788,0.9009802079524625,0.7689883510271708,4.585068052715599,0.41351844770721735
46,2026-05-09T12:07:49.903928,8.646641940846783e-06,1222.452327489853,985.0535130500793,237.39079761505127,-0.6091483009744273,0.852955785327908,0.8378062306033346,0.9025847470985063,0.7683885296185812,4.617510055957603,0.4056740249329602
47,2026-05-09T12:28:14.402331,8.282269043368899e-06,1221.8240468502045,985.7873373031616,236.02865266799927,-0.6136923971148585,0.8534564337831093,0.8380103723065925,0.9012419123668104,0.7729379137357076,4.605068066543777,0.43624341033099084
48,2026-05-09T12:48:41.254172,7.921315726281793e-06,1224.3376970291138,986.5639970302582,237.76580238342285,-0.6240545674530239,0.8441972794864393,0.8295685568444368,0.9022277761430145,0.7703238328297933,4.618865812380161,0.42783362622973337
49,2026-05-09T13:09:05.071363,7.564338553438001e-06,1223.7334852218628,986.508584022522,237.21680212020874,-0.6338831874662405,0.8443569082570558,0.8289781516751288,0.9031039236923856,0.7707748810450236,4.543091138571884,0.41013669584363144
50,2026-05-09T13:29:26.460097,7.211887957763819e-06,1221.3047995567322,984.616555929184,236.68011569976807,-0.6345076649855487,0.8480057603757193,0.8333877034528183,0.9025028318008963,0.7716262141863505,4.5981798617337155,0.42282389139077764
51,2026-05-09T13:49:50.241454,6.8645073925316485e-06,1223.6952664852142,986.4968361854553,237.1903383731842,-0.6419806908330786,0.8447810339209723,0.8291525358020615,0.9015689749295023,0.7723392645517985,4.566047716203495,0.41877124305388147
52,2026-05-09T14:10:13.762668,6.522732493394437e-06,1223.433914422989,986.3204894065857,237.10505867004395,-0.6510722315045693,0.8510652175022393,0.8366366286565701,0.9032983819985204,0.7730826536814371,4.599369982341238,0.4322036957103701
53,2026-05-09T14:30:39.612601,6.187090252474307e-06,1223.148729801178,985.2317929267883,237.9088170528412,-0.6523887380926662,0.8485987156835473,0.8330903522540816,0.902498512387104,0.7716091076532999,4.575159246017926,0.42337026868867317
54,2026-05-09T14:51:03.166964,5.858098205778928e-06,1223.449615240097,986.5745310783386,236.86690974235535,-0.6508339667060069,0.8619068400106461,0.8472110379250741,0.9029547721567629,0.7716372211774191,4.606294321074253,0.41420103489109383
55,2026-05-09T15:11:29.398568,5.536263635198488e-06,1223.7482330799103,986.9768497943878,236.7632908821106,-0.6627185894415767,0.8595409422880367,0.8447222184673683,0.903333006264361,0.772218664487203,4.604987031273973,0.4302978732377518
56,2026-05-09T15:31:52.449233,5.2220827863137795e-06,1222.9603786468506,985.7462742328644,237.20622777938843,-0.6693709626829135,0.847617650094881,0.8323844930476492,0.9029920829133435,0.7722014387448629,4.576419736749764,0.4228656703454976
57,2026-05-09T15:52:14.823166,4.916040103221507e-06,1222.2821726799011,985.9027001857758,236.37148308753967,-0.6745597750320543,0.860901165500357,0.8454811244808373,0.9032036607881397,0.7731096148490906,4.578002584181876,0.42364263411633285
58,2026-05-09T16:12:35.995000,4.618607481556581e-06,1221.0794160366058,984.9353675842285,236.13633823394775,-0.6765581435950716,0.8451167439972845,0.8301127912989333,0.9033091301708952,0.7749281724294027,4.582685373506262,0.4234879965818877
59,2026-05-09T16:32:58.551315,4.3302435408632575e-06,1222.4578785896301,985.436470746994,237.0132884979248,-0.6808035142769144,0.8506789488705893,0.8354987503208002,0.903105388455451,0.771914521853129,4.600990199627621,0.43400269320753976
60,2026-05-09T16:53:20.806243,4.051392917437057e-06,1222.1572124958038,985.8840107917786,236.26532554626465,-0.6828883595037256,0.8506563631162509,0.8351847784684503,0.9031134029390979,0.7734007835388184,4.549509604608068,0.425069679948684
61,2026-05-09T17:13:44.440278,3.7824855787278e-06,1223.5364925861359,986.284068107605,237.2444612979889,-0.686071653651327,0.8500769622312386,0.8344361044008579,0.9030242554880866,0.7740945219993591,4.574684660600736,0.43406715257903183
62,2026-05-09T17:34:08.292015,3.523936160360987e-06,1223.7535548210144,986.6367564201355,237.1087417602539,-0.6894349686567578,0.8467226134083299,0.8311236273705832,0.9038812667263666,0.7737114826838175,4.592020947141147,0.43618143145551697
63,2026-05-09T17:54:31.986419,3.276143326799707e-06,1223.4181323051453,986.1498234272003,237.26026153564453,-0.693903549379241,0.8499839176191971,0.8344873201405538,0.9039616585115304,0.774195392926534,4.628389433750764,0.42683480662759515
64,2026-05-09T18:14:53.489549,3.039489156632923e-06,1221.4000515937805,984.5497014522552,236.8425850868225,-0.6936197985762509,0.8462829343483439,0.8310148150015633,0.9040775313844375,0.772947629292806,4.6301388939166035,0.42682674881776766
65,2026-05-09T18:35:18.105469,2.8143385534380015e-06,1224.5147848129272,986.3941860198975,238.11212491989136,-0.6977919979338593,0.8499482445092938,0.8344232711678627,0.9036865386583698,0.7737417817115784,4.591790460327149,0.4321260043306487
66,2026-05-09T18:55:42.057993,2.6010386831258233e-06,1223.831077337265,986.1934530735016,237.6289873123169,-0.6987940846015758,0.8523879290160263,0.8371364495288728,0.9036485990499133,0.7704740365346273,4.593036588408349,0.42679913240454215
67,2026-05-09T19:16:03.560942,2.399918438636125e-06,1221.3987219333649,985.0934100151062,236.29709672927856,-0.6981785182415355,0.848289775815176,0.8326043163023369,0.9036568355226012,0.7745376030604044,4.604157356673766,0.42255099822800063
68,2026-05-09T19:36:26.741959,2.2112879328084296e-06,1223.0772259235382,985.8355007171631,237.23354172706604,-0.7030150526282652,0.847385005441414,0.8316933213387094,0.9034826462465527,0.7711966633796692,4.625509517394297,0.44109419526678756
69,2026-05-09T19:56:50.148113,2.0354380202105066e-06,1223.2982079982758,986.2063326835632,237.0837664604187,-0.7059935306226005,0.8483423185631251,0.832836713275485,0.9040037629859506,0.7760915358861288,4.623906035337454,0.42745471997596524
70,2026-05-09T20:17:13.524549,1.8726398486617278e-06,1223.2673516273499,985.7139081954956,237.54520201683044,-0.7095747959449177,0.8445123197893579,0.8296924873737008,0.9036717159701437,0.7744268178939819,4.636312452511174,0.43392765436075154
71,2026-05-09T20:37:36.866628,1.7231444411427765e-06,1223.2270066738129,986.5469131469727,236.67190027236938,-0.7109797276384929,0.8484546218462344,0.8330124530099873,0.9039227235192503,0.7720874150594076,4.602316610334619,0.43184295704491493
72,2026-05-09T20:57:59.741856,1.587182308736401e-06,1222.7604994773865,986.2609972953796,236.49132752418518,-0.7082878270370576,0.8447657603457966,0.8299462035661157,0.9039519571472835,0.7745477358500162,4.686837032675608,0.42238186518229576
73,2026-05-09T21:18:22.853013,1.4649630951960418e-06,1223.0011940002441,985.8719730377197,237.12131142616272,-0.7103365483457337,0.8440828774814975,0.8290946851057921,0.9038958834521589,0.7749685049057007,4.596135027703175,0.4250784687184535
74,2026-05-09T21:38:45.907883,1.3566752536903522e-06,1222.9424030780792,984.9042890071869,238.02998423576355,-0.7136490383324324,0.8465359280149978,0.8314555921071549,0.9039711329061783,0.7741575241088867,4.586654957541567,0.4237519004515538
75,2026-05-09T21:59:08.673826,1.2624857562220728e-06,1222.6467044353485,985.8821470737457,236.756596326828,-0.7124427604817982,0.8477317214985058,0.8325427069396805,0.9037915268293677,0.775332490603129,4.608138193441536,0.42443546149552097
76,2026-05-09T22:19:32.787530,1.1825398361693109e-06,1223.994478225708,986.2910752296448,237.69528555870056,-0.7173273136080117,0.8459538634950413,0.8310284835220373,0.9039410986465929,0.7752737800280253,4.596491254217101,0.42162869536965
77,2026-05-09T22:39:57.505279,1.1169607643461921e-06,1224.5949432849884,986.655989408493,237.93107676506042,-0.7110070779442326,0.8515269233260815,0.8368495589034806,0.9038394810098792,0.7762871583302816,4.583261873884037,0.42210226312027127
78,2026-05-09T23:00:20.973833,1.0658496589282e-06,1223.3471236228943,985.6829540729523,237.65607070922852,-0.7167561558867442,0.8514743142442958,0.8366245271951024,0.9038554163514328,0.7770769596099854,4.59611388990204,0.4165580309201266
79,2026-05-09T23:20:44.639014,1.0292853295352842e-06,1223.5112392902374,986.3735432624817,237.12985348701477,-0.7167269025524428,0.849753938874583,0.8351467340251583,0.9039084129344394,0.7760434945424398,4.633950801157746,0.4117190493697079
80,2026-05-09T23:41:07.930789,1.0073241557131324e-06,1223.1732499599457,986.6335344314575,236.53166937828064,-0.7169279563526153,0.8489066348403712,0.8342817880712123,0.9040108600639737,0.7752850453058878,4.600153434716523,0.4213666450674814
